BookId,Title,Description,CoverPath,Content,AuthorId,IsFrozen,CreatedAt
1,Преступление и наказание,"Психологический роман о бывшем студенте Раскольникове и его преступлении.",/covers/1.jpg,"Демонстрационный фрагмент. Полный текст произведения недоступен в прототипе.",2,0,2025-02-20 10:00:00
2,Идиот,"Роман о князе Мышкине, чья доброта сталкивается с жестокостью общества.",/covers/2.jpg,"Демонстрационный фрагмент. Полный текст произведения недоступен в прототипе.",2,0,2025-02-22 11:00:00
3,Братья Карамазовы,"Роман о вере, свободе и вине трёх братьев Карамазовых.",/covers/3.jpg,"Демонстрационный фрагмент. Полный текст произведения недоступен в прототипе.",2,0,2025-02-25 12:00:00
4,Война и мир,"Роман-эпопея о русском обществе в эпоху наполеоновских войн.",/covers/4.jpg,"Демонстрационный фрагмент. Полный текст произведения недоступен в прототипе.",3,0,2025-03-01 09:30:00
5,Анна Каренина,"Роман о трагической любви Анны и судьбах дворянских семей.",/covers/5.jpg,"Демонстрационный фрагмент. Полный текст произведения недоступен в прототипе.",3,0,2025-03-05 14:00:00
6,Мастер и Маргарита,"Мистический роман о визите дьявола в Москву и истории Мастера.",/covers/6.jpg,"Демонстрационный фрагмент. Полный текст произведения недоступен в прототипе.",4,1,2025-03-08 08:00:00
7,Собачье сердце,"Сатирическая повесть об эксперименте профессора Преображенского.",/covers/7.jpg,"Демонстрационный фрагмент. Полный текст произведения недоступен в прототипе.",4,0,2025-03-10 16:30:00
8,Евгений Онегин,"Роман в стихах о любви Татьяны и разочарованном Онегине.",/covers/8.jpg,"Демонстрационный фрагмент. Полный текст произведения недоступен в прототипе.",9,0,2025-03-12 18:00:00
9,Капитанская дочка,"Историческая повесть о любви и чести во время восстания Пугачёва.",/covers/9.jpg,"Демонстрационный фрагмент. Полный текст произведения недоступен в прототипе.",9,0,2025-03-15 10:00:00
